From,To,Distance
Los Angeles,Providence,4148.069381766267
Boston,New York,309.5545589180723
Boston,New York,309.5545589180723
Boston,Paris,2340.5336872705943
